azimuth_mad_sigma_mm,azimuth_median_mm,detect_floor_mm_day,export_file,export_mb,file,layer,magnitude_p95_mm,mean_correlation,range_mad_sigma_mm,range_max_abs_mm,range_median_mm,range_p5_mm,range_p95_mm,range_velocity_mm_day,reference,secondary,span_days,valid_pct,valid_px
258.57,182.29,91.73,GOFF_20251125_20251207_PR_HH-layer1.tif,0.292,NISAR_L2_PR_GOFF_006_048_D_074_007_2000_SH_20251125T125813_20251125T125848_20251207T125814_20251207T125849_X05010_N_F_J_001.h5,HH/layer1,1304.9,0.617,366.92,1820.26,-92.35,-934.36,601.71,-7.696,20251125,20251207,12,0.13,24540
199.17,181.15,75.23,GOFF_20251125_20251207_PR_HH-layer2.tif,0.294,NISAR_L2_PR_GOFF_006_048_D_074_007_2000_SH_20251125T125813_20251125T125848_20251207T125814_20251207T125849_X05010_N_F_J_001.h5,HH/layer2,1023.12,0.625,300.94,1433.84,-88.54,-789.73,443.33,-7.378,20251125,20251207,12,0.14,25364
127.35,170.45,54.41,GOFF_20251125_20251207_PR_HH-layer3.tif,0.279,NISAR_L2_PR_GOFF_006_048_D_074_007_2000_SH_20251125T125813_20251125T125848_20251207T125814_20251207T125849_X05010_N_F_J_001.h5,HH/layer3,725.35,0.668,217.63,985.06,-78.94,-629.17,244.46,-6.578,20251125,20251207,12,0.14,25445
187.2,9.78,30.98,GOFF_20251128_20251210_PR_HH-layer1.tif,0.387,NISAR_L2_PR_GOFF_006_098_A_016_007_4000_SH_20251128T233919_20251128T233954_20251210T233920_20251210T233955_X05010_N_F_J_001.h5,HH/layer1,589.31,0.643,123.92,552.68,22.68,-215.96,290.86,1.89,20251128,20251210,12,0.18,33265
112.7,2.42,18.99,GOFF_20251128_20251210_PR_HH-layer2.tif,0.387,NISAR_L2_PR_GOFF_006_098_A_016_007_4000_SH_20251128T233919_20251128T233954_20251210T233920_20251210T233955_X05010_N_F_J_001.h5,HH/layer2,354.35,0.681,75.96,336.41,22.16,-118.86,192.6,1.847,20251128,20251210,12,0.19,35122
81.9,-6.72,13.21,GOFF_20251128_20251210_PR_HH-layer3.tif,0.362,NISAR_L2_PR_GOFF_006_098_A_016_007_4000_SH_20251128T233919_20251128T233954_20251210T233920_20251210T233955_X05010_N_F_J_001.h5,HH/layer3,213.78,0.717,52.85,230.15,15.26,-50.9,132.19,1.272,20251128,20251210,12,0.19,34923
374.0,-91.72,94.15,GOFF_20251207_20251219_PR_HH-layer1.tif,0.29,NISAR_L2_PR_GOFF_007_048_D_074_008_2000_SH_20251207T125814_20251207T125849_20251219T125815_20251219T125849_X05010_N_F_J_001.h5,HH/layer1,1755.83,0.593,376.59,1861.02,68.5,-847.16,977.19,5.708,20251207,20251219,12,0.13,24117
293.43,-117.28,75.04,GOFF_20251207_20251219_PR_HH-layer2.tif,0.293,NISAR_L2_PR_GOFF_007_048_D_074_008_2000_SH_20251207T125814_20251207T125849_20251219T125815_20251219T125849_X05010_N_F_J_001.h5,HH/layer2,1327.73,0.599,300.16,1422.52,66.15,-649.63,819.03,5.513,20251207,20251219,12,0.13,24946
179.36,-125.72,47.32,GOFF_20251207_20251219_PR_HH-layer3.tif,0.271,NISAR_L2_PR_GOFF_007_048_D_074_008_2000_SH_20251207T125814_20251207T125849_20251219T125815_20251219T125849_X05010_N_F_J_001.h5,HH/layer3,752.42,0.648,189.26,904.25,73.73,-341.86,527.65,6.144,20251207,20251219,12,0.13,23937
190.82,2.44,31.2,GOFF_20251210_20251222_PR_HH-layer1.tif,0.387,NISAR_L2_PR_GOFF_007_098_A_016_008_4000_SH_20251210T233920_20251210T233955_20251222T233921_20251222T233955_X05010_N_F_J_001.h5,HH/layer1,627.71,0.636,124.79,544.93,4.85,-251.54,266.53,0.404,20251210,20251222,12,0.18,33008
120.76,2.09,19.87,GOFF_20251210_20251222_PR_HH-layer2.tif,0.386,NISAR_L2_PR_GOFF_007_098_A_016_008_4000_SH_20251210T233920_20251210T233955_20251222T233921_20251222T233955_X05010_N_F_J_001.h5,HH/layer2,376.65,0.673,79.49,334.92,7.02,-153.52,169.92,0.585,20251210,20251222,12,0.19,35022
58.57,1.33,15.1,GOFF_20251210_20251222_PR_HH-layer3.tif,0.364,NISAR_L2_PR_GOFF_007_098_A_016_008_4000_SH_20251210T233920_20251210T233955_20251222T233921_20251222T233955_X05010_N_F_J_001.h5,HH/layer3,234.46,0.708,60.41,257.4,13.56,-84.79,111.89,1.13,20251210,20251222,12,0.19,34909
564.21,345.57,135.93,GOFF_20251219_20251231_PR_HH-layer1.tif,0.283,NISAR_L2_PR_GOFF_008_048_D_074_009_2000_QD_20251219T125815_20251219T125849_20251231T125815_20251231T125850_X05010_N_F_J_001.h5,HH/layer1,5839.24,0.585,543.71,3087.18,-157.91,-1293.87,1397.88,-13.159,20251219,20251231,12,0.12,22837
354.2,74.57,106.12,GOFF_20251219_20251231_PR_HH-layer2.tif,0.297,NISAR_L2_PR_GOFF_008_048_D_074_009_2000_QD_20251219T125815_20251219T125849_20251231T125815_20251231T125850_X05010_N_F_J_001.h5,HH/layer2,1703.65,0.594,424.47,2130.3,-162.2,-966.2,1008.12,-13.517,20251219,20251231,12,0.13,24893
197.04,-26.18,66.69,GOFF_20251219_20251231_PR_HH-layer3.tif,0.264,NISAR_L2_PR_GOFF_008_048_D_074_009_2000_QD_20251219T125815_20251219T125849_20251231T125815_20251231T125850_X05010_N_F_J_001.h5,HH/layer3,893.58,0.644,266.77,1307.32,-165.54,-637.97,520.31,-13.795,20251219,20251231,12,0.12,22817
187.47,-6.48,31.55,GOFF_20251222_20260103_PR_HH-layer1.tif,0.392,NISAR_L2_PR_GOFF_008_098_A_016_009_4000_SH_20251222T233921_20251222T233955_20260103T233921_20260103T233956_X05010_N_F_J_001.h5,HH/layer1,582.47,0.633,126.21,550.95,9.83,-233.77,284.11,0.819,20251222,20260103,12,0.18,33652
117.45,-2.24,18.86,GOFF_20251222_20260103_PR_HH-layer2.tif,0.389,NISAR_L2_PR_GOFF_008_098_A_016_009_4000_SH_20251222T233921_20251222T233955_20260103T233921_20260103T233956_X05010_N_F_J_001.h5,HH/layer2,342.0,0.673,75.43,316.07,6.25,-136.02,175.25,0.521,20251222,20260103,12,0.19,35375
76.91,7.39,14.73,GOFF_20251222_20260103_PR_HH-layer3.tif,0.367,NISAR_L2_PR_GOFF_008_098_A_016_009_4000_SH_20251222T233921_20251222T233955_20260103T233921_20260103T233956_X05010_N_F_J_001.h5,HH/layer3,204.96,0.71,58.92,241.81,2.26,-81.45,118.72,0.188,20251222,20260103,12,0.19,35352
313.34,184.77,126.14,GOFF_20251231_20260112_PR_HH-layer1.tif,0.31,NISAR_L2_PR_GOFF_009_048_D_074_010_2000_QD_20251231T125815_20251231T125850_20260112T125816_20260112T125850_X05010_N_F_J_001.h5,HH/layer1,1997.2,0.627,504.54,2628.26,166.88,-866.29,1526.07,13.907,20251231,20260112,12,0.14,26347
240.53,120.8,100.61,GOFF_20251231_20260112_PR_HH-layer2.tif,0.307,NISAR_L2_PR_GOFF_009_048_D_074_010_2000_QD_20251231T125815_20251231T125850_20260112T125816_20260112T125850_X05010_N_F_J_001.h5,HH/layer2,1501.8,0.637,402.45,2062.5,163.97,-627.26,1275.64,13.664,20251231,20260112,12,0.14,26729
149.2,87.9,60.03,GOFF_20251231_20260112_PR_HH-layer3.tif,0.275,NISAR_L2_PR_GOFF_009_048_D_074_010_2000_QD_20251231T125815_20251231T125850_20260112T125816_20260112T125850_X05010_N_F_J_001.h5,HH/layer3,902.36,0.686,240.11,1320.13,170.95,-288.14,842.92,14.246,20251231,20260112,12,0.13,24645
192.77,-18.77,31.83,GOFF_20260103_20260115_PR_HH-layer1.tif,0.386,NISAR_L2_PR_GOFF_009_098_A_016_010_4000_SH_20260103T233921_20260103T233956_20260115T233922_20260115T233956_X05010_N_F_J_001.h5,HH/layer1,615.76,0.635,127.32,561.45,10.52,-252.19,278.99,0.877,20260103,20260115,12,0.18,33098
121.21,-17.16,20.12,GOFF_20260103_20260115_PR_HH-layer2.tif,0.384,NISAR_L2_PR_GOFF_009_098_A_016_010_4000_SH_20260103T233921_20260103T233956_20260115T233922_20260115T233956_X05010_N_F_J_001.h5,HH/layer2,363.46,0.672,80.47,343.47,13.87,-152.34,183.07,1.156,20260103,20260115,12,0.19,34902
57.33,-15.78,16.51,GOFF_20260103_20260115_PR_HH-layer3.tif,0.361,NISAR_L2_PR_GOFF_009_098_A_016_010_4000_SH_20260103T233921_20260103T233956_20260115T233922_20260115T233956_X05010_N_F_J_001.h5,HH/layer3,226.24,0.707,66.04,285.25,18.45,-102.74,120.05,1.537,20260103,20260115,12,0.19,34782
1764.7,-311.19,106.59,GOFF_20260629_20260711_PR_HH-layer1.tif,0.259,NISAR_L2_PR_GOFF_024_048_D_074_025_2000_SH_20260629T125814_20260629T125849_20260711T125814_20260711T125848_P05023_N_F_J_001.h5,HH/layer1,5871.02,0.553,426.38,2532.83,231.5,-814.96,1455.11,19.292,20260629,20260711,12,0.11,20517
1650.02,-257.1,88.03,GOFF_20260629_20260711_PR_HH-layer2.tif,0.269,NISAR_L2_PR_GOFF_024_048_D_074_025_2000_SH_20260629T125814_20260629T125849_20260711T125814_20260711T125848_P05023_N_F_J_001.h5,HH/layer2,5082.38,0.554,352.14,1888.09,231.97,-591.48,1194.71,19.331,20260629,20260711,12,0.12,22711
1545.06,-243.19,57.1,GOFF_20260629_20260711_PR_HH-layer3.tif,0.257,NISAR_L2_PR_GOFF_024_048_D_074_025_2000_SH_20260629T125814_20260629T125849_20260711T125814_20260711T125848_P05023_N_F_J_001.h5,HH/layer3,4738.38,0.601,228.39,1270.34,236.44,-276.89,883.15,19.703,20260629,20260711,12,0.12,23241
307.72,158.33,22.7,GOFF_20260702_20260714_PR_HH-layer1.tif,0.358,NISAR_L2_PR_GOFF_024_098_A_016_025_4000_SH_20260702T233920_20260702T233955_20260714T233920_20260714T233954_P05023_F_F_J_001.h5,HH/layer1,684.6,0.642,90.82,482.5,-54.81,-248.05,172.14,-4.567,20260702,20260714,12,0.16,29895
275.86,157.49,15.71,GOFF_20260702_20260714_PR_HH-layer2.tif,0.365,NISAR_L2_PR_GOFF_024_098_A_016_025_4000_SH_20260702T233920_20260702T233955_20260714T233920_20260714T233954_P05023_F_F_J_001.h5,HH/layer2,575.68,0.674,62.83,317.74,-53.64,-173.33,95.87,-4.47,20260702,20260714,12,0.18,33498
247.97,140.35,9.63,GOFF_20260702_20260714_PR_HH-layer3.tif,0.35,NISAR_L2_PR_GOFF_024_098_A_016_025_4000_SH_20260702T233920_20260702T233955_20260714T233920_20260714T233954_P05023_F_F_J_001.h5,HH/layer3,513.78,0.709,38.52,225.44,-53.84,-118.43,44.45,-4.487,20260702,20260714,12,0.19,34729
1735.38,359.91,70.08,GOFF_20260711_20260723_PR_HH-layer1.tif,0.269,NISAR_L2_PR_GOFF_025_048_D_074_026_2000_SH_20260711T125814_20260711T125848_20260723T125813_20260723T125848_P05023_N_F_J_001.h5,HH/layer1,5317.95,0.625,280.33,1686.59,-182.57,-957.44,567.41,-15.214,20260711,20260723,12,0.12,22331
1688.61,341.72,55.76,GOFF_20260711_20260723_PR_HH-layer2.tif,0.275,NISAR_L2_PR_GOFF_025_048_D_074_026_2000_SH_20260711T125814_20260711T125848_20260723T125813_20260723T125848_P05023_N_F_J_001.h5,HH/layer2,5123.12,0.628,223.03,1294.9,-188.78,-826.3,373.27,-15.732,20260711,20260723,12,0.13,23613
1669.2,332.39,34.91,GOFF_20260711_20260723_PR_HH-layer3.tif,0.258,NISAR_L2_PR_GOFF_025_048_D_074_026_2000_SH_20260711T125814_20260711T125848_20260723T125813_20260723T125848_P05023_N_F_J_001.h5,HH/layer3,4844.84,0.676,139.63,850.66,-190.27,-620.16,122.07,-15.856,20260711,20260723,12,0.13,23626
243.82,-379.58,15.85,GOFF_20260714_20260726_PR_HH-layer1.tif,0.36,NISAR_L2_PR_GOFF_025_098_A_016_026_4000_SH_20260714T233920_20260714T233954_20260726T233919_20260726T233954_P05023_N_F_J_001.h5,HH/layer1,780.72,0.701,63.38,311.54,21.92,-114.95,165.11,1.827,20260714,20260726,12,0.17,31693
211.84,-371.86,10.95,GOFF_20260714_20260726_PR_HH-layer2.tif,0.361,NISAR_L2_PR_GOFF_025_098_A_016_026_4000_SH_20260714T233920_20260714T233954_20260726T233919_20260726T233954_P05023_N_F_J_001.h5,HH/layer2,720.38,0.732,43.81,201.04,18.24,-62.86,109.88,1.52,20260714,20260726,12,0.19,34409
204.26,-359.72,7.34,GOFF_20260714_20260726_PR_HH-layer3.tif,0.343,NISAR_L2_PR_GOFF_025_098_A_016_026_4000_SH_20260714T233920_20260714T233954_20260726T233919_20260726T233954_P05023_N_F_J_001.h5,HH/layer3,712.79,0.765,29.34,143.66,15.31,-33.65,79.9,1.276,20260714,20260726,12,0.2,35693
145.95,-228.95,11.23,GOFF_20260723_20260816_PR_HH-layer1.tif,0.335,NISAR_L2_PR_GOFF_026_048_D_074_028_4000_SH_20260723T125813_20260723T125848_20260816T125812_20260816T125846_P05023_N_F_J_001.h5,HH/layer1,751.31,0.659,89.84,475.2,40.82,-157.73,282.56,1.701,20260723,20260816,24,0.15,27773
104.32,-231.74,8.11,GOFF_20260723_20260816_PR_HH-layer2.tif,0.336,NISAR_L2_PR_GOFF_026_048_D_074_028_4000_SH_20260723T125813_20260723T125848_20260816T125812_20260816T125846_P05023_N_F_J_001.h5,HH/layer2,548.94,0.692,64.84,330.54,37.68,-88.48,222.6,1.57,20260723,20260816,24,0.16,30516
84.83,-241.23,6.43,GOFF_20260723_20260816_PR_HH-layer3.tif,0.317,NISAR_L2_PR_GOFF_026_048_D_074_028_4000_SH_20260723T125813_20260723T125848_20260816T125812_20260816T125846_P05023_N_F_J_001.h5,HH/layer3,444.25,0.728,51.41,253.24,37.28,-36.08,181.23,1.553,20260723,20260816,24,0.17,31017
124.74,37.56,9.4,GOFF_20260726_20260819_PR_HH-layer1.tif,0.365,NISAR_L2_PR_GOFF_026_098_A_016_028_4000_SH_20260726T233919_20260726T233954_20260819T233918_20260819T233953_P05023_N_F_J_001.h5,HH/layer1,440.82,0.68,75.23,358.52,-8.53,-165.8,176.76,-0.355,20260726,20260819,24,0.17,30650
75.73,41.39,7.05,GOFF_20260726_20260819_PR_HH-layer2.tif,0.372,NISAR_L2_PR_GOFF_026_098_A_016_028_4000_SH_20260726T233919_20260726T233954_20260819T233918_20260819T233953_P05023_N_F_J_001.h5,HH/layer2,283.15,0.712,56.37,252.2,-10.25,-106.88,120.37,-0.427,20260726,20260819,24,0.19,33803
52.3,44.45,4.59,GOFF_20260726_20260819_PR_HH-layer3.tif,0.35,NISAR_L2_PR_GOFF_026_098_A_016_028_4000_SH_20260726T233919_20260726T233954_20260819T233918_20260819T233953_P05023_N_F_J_001.h5,HH/layer3,174.87,0.747,36.73,175.35,-11.43,-61.97,85.52,-0.476,20260726,20260819,24,0.19,34518
108.49,82.52,35.55,GOFF_20260816_20260828_UR_HH-layer1.tif,0.273,NISAR_L2_UR_GOFF_028_048_D_074_029_2000_SH_20260816T125812_20260816T125846_20260828T125812_20260828T125846_P05023_F_F_J_001.h5,HH/layer1,755.61,0.691,142.19,915.96,237.61,-67.58,644.59,19.801,20260816,20260828,12,0.13,24708
72.57,81.51,27.15,GOFF_20260816_20260828_UR_HH-layer2.tif,0.249,NISAR_L2_UR_GOFF_028_048_D_074_029_2000_SH_20260816T125812_20260816T125846_20260828T125812_20260828T125846_P05023_F_F_J_001.h5,HH/layer2,571.1,0.729,108.61,727.87,244.6,55.96,517.87,20.383,20260816,20260828,12,0.13,24716
