lat,lon,elev_m,slope_deg,aspect_deg,sens_asc,sens_desc
28.46550,85.44000,4425,31.2,135,-0.086,-0.835
28.46550,85.44450,4085,36.2,142,-0.214,-0.830
28.46550,85.44900,4178,34.7,152,-0.272,-0.759
28.46550,85.45350,3822,25.8,138,-0.029,-0.777
28.46550,85.45800,3747,18.9,260,-0.850,0.289
28.46550,85.46250,4140,35.4,270,-0.958,0.033
28.46550,85.46700,4501,32.3,264,-0.949,0.075
28.46550,85.47150,4738,22.6,274,-0.866,0.258
28.46550,85.47600,4927,19.0,335,-0.411,0.069
28.46550,85.48050,4823,20.9,354,-0.244,-0.124
28.46550,85.48500,4769,19.0,291,-0.767,0.309
28.46550,85.48950,5159,12.5,305,-0.610,0.368
28.46550,85.49400,5108,28.5,6,-0.217,-0.347
28.46550,85.49850,5051,41.3,13,-0.330,-0.546
28.46550,85.50300,4801,41.7,24,-0.254,-0.637
28.46550,85.50750,4669,34.1,19,-0.185,-0.523
28.46550,85.51200,4562,28.1,18,-0.104,-0.452
28.46550,85.51650,4524,21.3,28,0.079,-0.465
28.46550,85.52100,4446,10.1,16,0.137,-0.210
28.46550,85.52550,4503,17.0,298,-0.707,0.323
28.46550,85.53000,4754,31.6,294,-0.854,0.090
28.46550,85.53450,5210,28.5,298,-0.809,0.131
28.46550,85.53900,5199,29.8,280,-0.904,0.138
28.46550,85.54350,5567,34.8,274,-0.947,0.048
28.46550,85.54800,5788,11.1,347,-0.181,0.073
28.46550,85.55250,5464,22.9,55,0.228,-0.712
28.46550,85.55700,5386,21.7,56,0.249,-0.701
28.46550,85.56150,5211,21.3,60,0.274,-0.726
28.46550,85.56600,5157,9.6,73,0.492,-0.670
28.46550,85.57050,5129,4.4,150,0.159,-0.448
28.46550,85.57500,5111,5.1,210,-0.474,0.147
28.46550,85.57950,5140,21.5,249,-0.863,0.202
28.46550,85.58400,5488,31.2,229,-0.866,-0.074
28.46550,85.58850,5535,39.6,214,-0.829,-0.311
28.46550,85.59300,5856,45.3,223,-0.903,-0.326
28.46550,85.59750,6265,35.4,220,-0.839,-0.208
28.46550,85.60200,6494,16.0,171,-0.214,-0.409
28.46550,85.60650,6286,14.1,79,0.427,-0.748
28.46550,85.61100,6060,26.2,48,0.138,-0.689
28.46550,85.61550,5876,30.6,52,0.087,-0.756
28.46550,85.62000,5666,20.4,37,0.161,-0.538
28.46100,85.44000,4380,32.9,118,-0.001,-0.916
28.46100,85.44450,3841,37.3,125,-0.110,-0.917
28.46100,85.44900,3669,17.9,171,-0.241,-0.430
28.46100,85.45350,3634,13.5,305,-0.619,0.352
28.46100,85.45800,3917,30.1,312,-0.731,0.052
28.46100,85.46250,4115,26.4,292,-0.826,0.182
28.46100,85.46700,4324,27.0,261,-0.916,0.157
28.46100,85.47150,4590,31.1,257,-0.941,0.075
28.46100,85.47600,4861,26.1,274,-0.894,0.198
28.46100,85.48050,5091,15.3,352,-0.192,-0.026
28.46100,85.48500,4897,14.7,355,-0.151,-0.047
28.46100,85.48950,5012,16.1,286,-0.763,0.364
28.46100,85.49400,5191,21.3,289,-0.798,0.274
28.46100,85.49850,5526,22.9,351,-0.292,-0.131
28.46100,85.50300,5281,38.1,24,-0.202,-0.608
28.46100,85.50750,5077,43.2,15,-0.339,-0.581
28.46100,85.51200,4996,43.8,17,-0.328,-0.608
28.46100,85.51650,4807,41.3,27,-0.228,-0.656
28.46100,85.52100,4592,32.1,28,-0.084,-0.584
28.46100,85.52550,4596,15.6,331,-0.406,0.151
28.46100,85.53000,4849,24.5,259,-0.898,0.194
28.46100,85.53450,5003,25.0,232,-0.834,0.042
28.46100,85.53900,5132,29.9,242,-0.909,0.027
28.46100,85.54350,5433,39.6,259,-0.981,-0.065
28.46100,85.54800,5881,14.8,269,-0.804,0.379
28.46100,85.55250,5776,20.7,68,0.308,-0.769
28.46100,85.55700,5602,20.0,66,0.314,-0.749
28.46100,85.56150,5488,23.0,75,0.280,-0.821
28.46100,85.56600,5140,19.2,86,0.343,-0.821
28.46100,85.57050,5094,6.5,127,0.347,-0.629
28.46100,85.57500,5078,6.3,232,-0.640,0.325
28.46100,85.57950,5184,13.6,246,-0.780,0.310
28.46100,85.58400,5204,15.9,220,-0.674,0.076
28.46100,85.58850,5240,23.6,217,-0.733,-0.055
28.46100,85.59300,5423,39.0,227,-0.899,-0.207
28.46100,85.59750,5841,43.1,210,-0.823,-0.384
28.46100,85.60200,5847,42.4,188,-0.665,-0.543
28.46100,85.60650,6000,35.4,196,-0.670,-0.403
28.46100,85.61100,6241,14.9,176,-0.263,-0.338
28.46100,85.61550,5935,20.3,74,0.323,-0.791
28.46100,85.62000,5718,19.4,33,0.148,-0.491
28.45650,85.44000,4180,39.9,140,-0.253,-0.862
28.45650,85.44450,3590,28.6,126,0.019,-0.859
28.45650,85.44900,3660,23.1,287,-0.826,0.248
28.45650,85.45350,4086,37.0,306,-0.821,-0.037
28.45650,85.45800,4287,34.1,323,-0.678,-0.075
28.45650,85.46250,4329,24.4,342,-0.401,-0.071
28.45650,85.46700,4338,17.2,307,-0.642,0.281
28.45650,85.47150,4556,29.3,270,-0.925,0.138
28.45650,85.47600,4904,32.2,263,-0.948,0.075
28.45650,85.48050,5192,13.2,265,-0.792,0.396
28.45650,85.48500,5132,8.0,360,-0.005,-0.006
28.45650,85.48950,5101,16.9,319,-0.542,0.223
28.45650,85.49400,5183,23.7,290,-0.816,0.232
28.45650,85.49850,5476,12.3,280,-0.749,0.429
28.45650,85.50300,5535,6.5,38,0.379,-0.381
28.45650,85.50750,5634,14.9,19,0.097,-0.303
28.45650,85.51200,5510,27.2,18,-0.096,-0.438
28.45650,85.51650,5309,41.3,19,-0.280,-0.599
28.45650,85.52100,5051,46.7,36,-0.253,-0.761
28.45650,85.52550,4716,29.8,40,0.036,-0.663
28.45650,85.53000,4698,9.2,291,-0.662,0.465
28.45650,85.53450,4777,17.9,261,-0.841,0.310
28.45650,85.53900,4988,32.0,269,-0.941,0.091
28.45650,85.54350,5359,39.0,269,-0.974,-0.031
28.45650,85.54800,5760,17.8,240,-0.801,0.204
28.45650,85.55250,5706,20.7,130,0.114,-0.774
28.45650,85.55700,5483,18.5,119,0.225,-0.798
28.45650,85.56150,5364,20.8,99,0.289,-0.852
28.45650,85.56600,5192,23.1,92,0.269,-0.868
28.45650,85.57050,5010,9.4,107,0.433,-0.726
28.45650,85.57500,5043,8.1,232,-0.663,0.301
28.45650,85.57950,5126,10.3,240,-0.722,0.321
28.45650,85.58400,5194,9.2,252,-0.744,0.408
28.45650,85.58850,5260,10.4,264,-0.763,0.436
28.45650,85.59300,5319,18.1,239,-0.802,0.195
28.45650,85.59750,5426,24.4,215,-0.725,-0.087
28.45650,85.60200,5485,24.3,206,-0.652,-0.170
28.45650,85.60650,5552,29.0,222,-0.813,-0.094
28.45650,85.61100,5819,26.4,232,-0.842,0.016
28.45650,85.61550,6033,2.8,309,-0.458,0.494
28.45650,85.62000,6005,15.9,21,0.096,-0.331
28.45200,85.44000,3643,31.3,160,-0.302,-0.670
28.45200,85.44450,3483,9.3,218,-0.591,0.163
28.45200,85.44900,3842,33.6,281,-0.923,0.072
28.45200,85.45350,4136,34.4,277,-0.938,0.058
28.45200,85.45800,4491,27.4,284,-0.872,0.177
28.45200,85.46250,4615,19.7,335,-0.414,0.056
28.45200,85.46700,4468,21.5,355,-0.239,-0.143
28.45200,85.47150,4554,19.3,299,-0.724,0.283
28.45200,85.47600,4781,26.6,258,-0.914,0.155
28.45200,85.48050,4983,21.1,242,-0.841,0.170
28.45200,85.48500,5112,11.8,250,-0.770,0.361
28.45200,85.48950,5246,11.9,276,-0.757,0.434
28.45200,85.49400,5419,12.9,255,-0.788,0.366
28.45200,85.49850,5438,13.5,204,-0.525,-0.034
28.45200,85.50300,5381,17.2,180,-0.331,-0.330
28.45200,85.50750,5322,14.6,203,-0.529,-0.057
28.45200,85.51200,5406,19.7,291,-0.778,0.298
28.45200,85.51650,5695,32.1,346,-0.450,-0.216
28.45200,85.52100,5708,48.6,43,-0.246,-0.818
28.45200,85.52550,4907,47.4,49,-0.201,-0.847
28.45200,85.53000,4856,27.2,5,-0.211,-0.318
28.45200,85.53450,4910,25.9,326,-0.572,0.033
28.45200,85.53900,5117,32.6,296,-0.852,0.069
28.45200,85.54350,5515,33.5,279,-0.929,0.072
28.45200,85.54800,5677,6.4,193,-0.327,-0.054
28.45200,85.55250,5455,22.2,131,0.080,-0.781
28.45200,85.55700,5486,16.4,147,0.027,-0.622
28.45200,85.56150,5395,16.7,117,0.265,-0.785
28.45200,85.56600,5208,22.0,99,0.268,-0.864
28.45200,85.57050,4994,11.2,101,0.434,-0.753
28.45200,85.57500,5014,7.4,262,-0.728,0.476
28.45200,85.57950,5068,10.6,278,-0.737,0.455
28.45200,85.58400,5137,12.3,286,-0.725,0.426
28.45200,85.58850,5290,9.8,290,-0.675,0.458
28.45200,85.59300,5310,5.5,285,-0.651,0.531
28.45200,85.59750,5346,10.8,269,-0.760,0.443
28.45200,85.60200,5473,19.0,285,-0.796,0.318
28.45200,85.60650,5626,24.1,300,-0.761,0.200
28.45200,85.61100,5733,22.9,289,-0.812,0.248
28.45200,85.61550,6100,10.7,249,-0.756,0.372
28.45200,85.62000,6017,6.8,166,-0.046,-0.333
28.44750,85.44000,3421,12.3,193,-0.407,-0.127
28.44750,85.44450,3592,24.8,255,-0.897,0.173
28.44750,85.44900,3903,35.0,268,-0.959,0.037
28.44750,85.45350,4088,31.8,271,-0.939,0.096
28.44750,85.45800,4371,32.6,273,-0.938,0.086
28.44750,85.46250,4659,31.1,299,-0.826,0.086
28.44750,85.46700,4889,28.4,358,-0.290,-0.274
28.44750,85.47150,4682,21.5,15,-0.033,-0.349
28.44750,85.47600,4776,14.2,285,-0.748,0.396
28.44750,85.48050,4921,18.6,254,-0.844,0.273
28.44750,85.48500,5090,17.4,243,-0.809,0.232
28.44750,85.48950,5178,14.7,218,-0.650,0.082
28.44750,85.49400,5166,16.3,199,-0.509,-0.125
28.44750,85.49850,5196,14.9,194,-0.443,-0.159
28.44750,85.50300,5239,8.5,228,-0.644,0.258
28.44750,85.50750,5272,19.5,291,-0.773,0.301
28.44750,85.51200,5579,35.7,291,-0.894,0.025
28.44750,85.51650,6033,26.3,306,-0.739,0.139
28.44750,85.52100,5961,36.7,51,-0.020,-0.796
28.44750,85.52550,5464,48.6,51,-0.215,-0.861
28.44750,85.53000,5111,36.7,16,-0.241,-0.531
28.44750,85.53450,5240,34.0,341,-0.520,-0.198
28.44750,85.53900,5252,26.7,330,-0.548,-0.005
28.44750,85.54350,5474,16.8,273,-0.818,0.352
28.44750,85.54800,5670,11.1,156,0.003,-0.483
28.44750,85.55250,5335,19.4,112,0.254,-0.826
28.44750,85.55700,5247,12.3,137,0.175,-0.642
28.44750,85.56150,5228,12.8,136,0.182,-0.658
28.44750,85.56600,5154,18.9,104,0.300,-0.833
28.44750,85.57050,4974,10.2,101,0.450,-0.741
28.44750,85.57500,5007,11.8,279,-0.746,0.437
28.44750,85.57950,5161,18.7,298,-0.725,0.296
28.44750,85.58400,5264,20.9,316,-0.610,0.176
28.44750,85.58850,5320,20.2,333,-0.444,0.068
28.44750,85.59300,5365,17.4,354,-0.190,-0.083
28.44750,85.59750,5370,19.8,325,-0.517,0.134
28.44750,85.60200,5544,32.0,306,-0.785,0.044
28.44750,85.60650,5854,29.8,315,-0.703,0.039
28.44750,85.61100,6051,9.6,354,-0.085,0.026
28.44750,85.61550,5826,11.1,158,-0.020,-0.463
28.44750,85.62000,5921,17.4,184,-0.370,-0.296
28.44300,85.44000,3393,4.5,207,-0.434,0.115
28.44300,85.44450,3390,24.5,241,-0.866,0.110
28.44300,85.44900,3801,39.6,250,-0.973,-0.095
28.44300,85.45350,4211,35.6,255,-0.964,-0.008
28.44300,85.45800,4405,36.7,266,-0.968,0.003
28.44300,85.46250,4840,40.6,275,-0.970,-0.052
28.44300,85.46700,5258,18.6,323,-0.520,0.167
28.44300,85.47150,4905,27.3,39,0.068,-0.630
28.44300,85.47600,4800,13.7,21,0.127,-0.301
28.44300,85.48050,4859,10.6,261,-0.766,0.424
28.44300,85.48500,4980,15.1,237,-0.764,0.229
28.44300,85.48950,5066,12.4,243,-0.756,0.308
28.44300,85.49400,5091,9.8,290,-0.678,0.459
28.44300,85.49850,5175,8.2,324,-0.386,0.317
28.44300,85.50300,5208,14.1,290,-0.722,0.389
28.44300,85.50750,5531,22.6,276,-0.861,0.260
28.44300,85.51200,5666,32.1,265,-0.947,0.080
28.44300,85.51650,5999,21.4,245,-0.853,0.182
28.44300,85.52100,6006,21.3,117,0.196,-0.832
28.44300,85.52550,5886,31.9,89,0.125,-0.928
28.44300,85.53000,5451,18.1,53,0.294,-0.643
28.44300,85.53450,5594,14.5,318,-0.525,0.268
28.44300,85.53900,5688,7.7,356,-0.044,0.037
28.44300,85.54350,5416,6.2,102,0.501,-0.693
28.44300,85.54800,5358,11.8,157,-0.018,-0.480
28.44300,85.55250,5474,10.4,120,0.340,-0.705
28.44300,85.55700,5243,9.4,54,0.433,-0.549
28.44300,85.56150,5224,11.2,58,0.423,-0.600
28.44300,85.56600,5145,18.9,88,0.345,-0.823
28.44300,85.57050,4960,8.3,98,0.488,-0.719
28.44300,85.57500,5012,15.9,272,-0.809,0.367
28.44300,85.57950,5237,23.7,280,-0.859,0.241
28.44300,85.58400,5431,27.5,298,-0.801,0.148
28.44300,85.58850,5630,29.1,329,-0.582,-0.035
28.44300,85.59300,5641,29.8,0,-0.290,-0.308
28.44300,85.59750,5583,31.9,338,-0.521,-0.149
28.44300,85.60200,5847,32.1,317,-0.708,-0.009
28.44300,85.60650,6113,10.3,311,-0.534,0.371
28.44300,85.61100,5997,15.4,115,0.301,-0.779
28.44300,85.61550,5753,16.4,122,0.236,-0.766
28.44300,85.62000,5718,12.5,175,-0.213,-0.326
28.43850,85.44000,3403,8.4,37,0.343,-0.395
28.43850,85.44450,3363,10.1,255,-0.758,0.408
28.43850,85.44900,3512,37.6,254,-0.971,-0.046
28.43850,85.45350,3966,39.8,251,-0.976,-0.092
28.43850,85.45800,4275,40.3,253,-0.979,-0.096
28.43850,85.46250,4759,42.4,250,-0.982,-0.142
28.43850,85.46700,5060,30.3,249,-0.927,0.057
28.43850,85.47150,5312,12.0,15,0.102,-0.225
28.43850,85.47600,4944,27.4,37,0.056,-0.618
28.43850,85.48050,4863,14.6,12,0.034,-0.228
28.43850,85.48500,4920,5.3,292,-0.609,0.520
28.43850,85.48950,4991,17.8,266,-0.838,0.324
28.43850,85.49400,5308,21.4,287,-0.809,0.275
28.43850,85.49850,5329,16.1,338,-0.350,0.090
28.43850,85.50300,5297,12.5,334,-0.347,0.180
28.43850,85.50750,5373,14.9,268,-0.807,0.375
28.43850,85.51200,5497,27.5,252,-0.914,0.116
28.43850,85.51650,5883,19.9,218,-0.702,0.002
28.43850,85.52100,5694,28.0,138,-0.066,-0.792
28.43850,85.52550,5450,28.5,135,-0.044,-0.817
28.43850,85.53000,5461,19.4,147,-0.021,-0.651
28.43850,85.53450,5342,16.9,201,-0.533,-0.116
28.43850,85.53900,5458,12.7,210,-0.562,0.031
28.43850,85.54350,5498,7.9,79,0.522,-0.676
28.43850,85.54800,5323,12.1,74,0.456,-0.706
28.43850,85.55250,5239,7.4,136,0.260,-0.591
28.43850,85.55700,5417,5.3,189,-0.270,-0.083
28.43850,85.56150,5375,13.3,97,0.414,-0.777
28.43850,85.56600,5115,22.5,97,0.266,-0.867
28.43850,85.57050,4950,5.2,110,0.481,-0.672
28.43850,85.57500,5017,18.7,276,-0.827,0.324
28.43850,85.57950,5212,26.1,278,-0.884,0.201
28.43850,85.58400,5450,31.1,276,-0.922,0.113
28.43850,85.58850,5881,25.9,285,-0.859,0.202
28.43850,85.59300,5952,12.6,351,-0.168,0.022
28.43850,85.59750,5914,10.6,323,-0.433,0.293
28.43850,85.60200,6169,9.1,224,-0.625,0.214
28.43850,85.60650,5883,15.7,160,-0.102,-0.502
28.43850,85.61100,5845,13.2,134,0.189,-0.670
28.43850,85.61550,5751,15.5,104,0.355,-0.799
28.43850,85.62000,5652,9.6,132,0.265,-0.643
28.43400,85.44000,3568,13.9,59,0.389,-0.644
28.43400,85.44450,3336,1.3,28,0.374,-0.216
28.43400,85.44900,3549,32.4,264,-0.949,0.073
28.43400,85.45350,3910,37.9,261,-0.976,-0.030
28.43400,85.45800,4197,38.0,255,-0.973,-0.050
28.43400,85.46250,4547,38.7,249,-0.968,-0.085
28.43400,85.46700,4795,40.0,250,-0.975,-0.101
28.43400,85.47150,5300,22.5,261,-0.882,0.232
28.43400,85.47600,5286,18.4,21,0.064,-0.365
28.43400,85.48050,5134,27.8,30,-0.002,-0.558
28.43400,85.48500,4958,17.3,39,0.228,-0.525
28.43400,85.48950,4976,12.8,260,-0.790,0.388
28.43400,85.49400,5200,26.2,247,-0.895,0.112
28.43400,85.49850,5511,17.9,252,-0.835,0.271
28.43400,85.50300,5493,10.8,324,-0.419,0.279
28.43400,85.50750,5415,13.7,337,-0.326,0.132
28.43400,85.51200,5569,15.4,276,-0.796,0.377
28.43400,85.51650,5673,10.1,220,-0.608,0.163
28.43400,85.52100,5616,18.6,106,0.295,-0.828
28.43400,85.52550,5407,18.4,96,0.336,-0.829
28.43400,85.53000,5276,11.2,110,0.389,-0.743
28.43400,85.53450,5245,7.9,201,-0.425,0.011
28.43400,85.53900,5428,15.8,234,-0.759,0.199
28.43400,85.54350,5505,7.1,208,-0.478,0.092
28.43400,85.54800,5546,13.1,88,0.437,-0.764
28.43400,85.55250,5240,14.0,92,0.417,-0.779
28.43400,85.55700,5154,10.9,170,-0.141,-0.353
28.43400,85.56150,5268,20.6,142,0.014,-0.703
28.43400,85.56600,5029,22.5,122,0.145,-0.825
28.43400,85.57050,4936,5.4,195,-0.330,-0.021
28.43400,85.57500,5053,18.8,260,-0.850,0.289
28.43400,85.57950,5322,24.0,250,-0.884,0.164
28.43400,85.58400,5480,30.2,238,-0.897,-0.001
28.43400,85.58850,5708,33.3,227,-0.869,-0.120
28.43400,85.59300,5924,24.7,198,-0.590,-0.249
28.43400,85.59750,5819,23.0,173,-0.325,-0.472
28.43400,85.60200,5684,23.7,175,-0.355,-0.461
28.43400,85.60650,5742,17.0,187,-0.401,-0.256
28.43400,85.61100,5847,7.2,187,-0.272,-0.131
28.43400,85.61550,5774,15.4,103,0.362,-0.798
28.43400,85.62000,5563,12.9,113,0.349,-0.757
28.42950,85.44000,3581,15.7,93,0.386,-0.799
28.42950,85.44450,3332,8.1,119,0.379,-0.681
28.42950,85.44900,3473,31.2,259,-0.943,0.079
28.42950,85.45350,3808,39.4,267,-0.978,-0.041
28.42950,85.45800,4125,34.8,272,-0.952,0.046
28.42950,85.46250,4398,33.8,269,-0.951,0.060
28.42950,85.46700,4768,38.2,263,-0.976,-0.028
28.42950,85.47150,5125,32.2,257,-0.948,0.058
28.42950,85.47600,5343,16.9,278,-0.805,0.355
28.42950,85.48050,5485,20.5,39,0.174,-0.557
28.42950,85.48500,5093,28.9,57,0.138,-0.779
28.42950,85.48950,4978,7.9,1,0.005,-0.016
28.42950,85.49400,5010,16.2,260,-0.825,0.331
28.42950,85.49850,5166,24.4,242,-0.868,0.116
28.42950,85.50300,5520,22.2,249,-0.869,0.190
28.42950,85.50750,5705,2.6,235,-0.608,0.401
28.42950,85.51200,5503,7.2,179,-0.188,-0.212
28.42950,85.51650,5648,13.6,204,-0.519,-0.042
28.42950,85.52100,5612,12.2,130,0.238,-0.682
28.42950,85.52550,5473,15.8,93,0.384,-0.801
28.42950,85.53000,5358,12.3,81,0.455,-0.737
28.42950,85.53450,5250,4.9,120,0.419,-0.637
28.42950,85.53900,5231,13.6,214,-0.610,0.064
28.42950,85.54350,5386,17.5,199,-0.521,-0.143
28.42950,85.54800,5335,16.1,158,-0.079,-0.531
28.42950,85.55250,5353,17.8,121,0.220,-0.783
28.42950,85.55700,5148,17.8,129,0.167,-0.752
28.42950,85.56150,5041,18.9,142,0.036,-0.684
28.42950,85.56600,4878,10.1,136,0.222,-0.626
28.42950,85.57050,4891,8.8,290,-0.662,0.473
28.42950,85.57500,5011,11.3,273,-0.758,0.442
28.42950,85.57950,5037,16.5,234,-0.763,0.182
28.42950,85.58400,5198,25.0,225,-0.797,-0.011
28.42950,85.58850,5344,29.8,217,-0.785,-0.148
28.42950,85.59300,5510,29.1,205,-0.687,-0.246
28.42950,85.59750,5591,20.2,185,-0.421,-0.314
28.42950,85.60200,5583,10.1,213,-0.556,0.099
28.42950,85.60650,5636,9.8,253,-0.753,0.405
28.42950,85.61100,5716,5.8,201,-0.402,0.044
28.42950,85.61550,5755,14.0,114,0.324,-0.764
28.42950,85.62000,5532,12.3,101,0.418,-0.766
28.42500,85.44000,3558,15.3,102,0.367,-0.798
28.42500,85.44450,3299,12.2,107,0.391,-0.760
28.42500,85.44900,3354,29.7,258,-0.934,0.102
28.42500,85.45350,3863,44.2,265,-0.992,-0.128
28.42500,85.45800,4290,35.1,268,-0.959,0.035
28.42500,85.46250,4495,28.8,260,-0.928,0.125
28.42500,85.46700,4763,35.6,253,-0.962,-0.015
28.42500,85.47150,5042,34.6,252,-0.955,-0.003
28.42500,85.47600,5287,30.2,259,-0.937,0.095
28.42500,85.48050,5548,9.4,333,-0.314,0.230
28.42500,85.48500,5289,31.8,46,0.037,-0.726
28.42500,85.48950,5084,25.3,25,-0.004,-0.487
28.42500,85.49400,5207,16.7,340,-0.331,0.061
28.42500,85.49850,5179,17.0,301,-0.690,0.314
28.42500,85.50300,5308,22.0,268,-0.873,0.259
28.42500,85.50750,5543,6.3,208,-0.468,0.103
28.42500,85.51200,5396,11.6,128,0.265,-0.687
28.42500,85.51650,5390,13.7,184,-0.327,-0.245
28.42500,85.52100,5472,12.3,191,-0.380,-0.155
28.42500,85.52550,5423,9.7,106,0.434,-0.732
28.42500,85.53000,5321,14.8,97,0.391,-0.793
28.42500,85.53450,5269,10.7,116,0.367,-0.724
28.42500,85.53900,5162,9.5,167,-0.094,-0.359
28.42500,85.54350,5219,15.3,189,-0.402,-0.210
28.42500,85.54800,5196,17.7,168,-0.210,-0.455
28.42500,85.55250,5162,22.1,145,-0.042,-0.692
28.42500,85.55700,4993,21.5,136,0.053,-0.749
28.42500,85.56150,4870,8.6,144,0.159,-0.546
28.42500,85.56600,4912,12.2,303,-0.623,0.383
28.42500,85.57050,5061,19.1,321,-0.543,0.172
28.42500,85.57500,5133,12.5,353,-0.136,-0.006
28.42500,85.57950,5084,9.9,323,-0.425,0.306
28.42500,85.58400,5174,13.1,289,-0.721,0.409
28.42500,85.58850,5252,11.1,261,-0.772,0.418
28.42500,85.59300,5324,14.1,240,-0.765,0.264
28.42500,85.59750,5462,13.5,238,-0.750,0.257
28.42500,85.60200,5541,17.1,268,-0.828,0.341
28.42500,85.60650,5789,10.5,295,-0.654,0.436
28.42500,85.61100,5698,5.9,90,0.543,-0.681
28.42500,85.61550,5649,11.5,113,0.369,-0.740
28.42500,85.62000,5552,8.4,107,0.448,-0.715
28.42050,85.44000,3509,13.4,87,0.433,-0.765
28.42050,85.44450,3330,14.0,88,0.423,-0.773
28.42050,85.44900,3295,24.3,261,-0.897,0.202
28.42050,85.45350,3691,44.1,257,-0.993,-0.146
28.42050,85.45800,4184,37.4,245,-0.955,-0.080
28.42050,85.46250,4317,29.7,236,-0.883,-0.010
28.42050,85.46700,4503,35.1,243,-0.939,-0.055
28.42050,85.47150,4908,37.7,245,-0.956,-0.087
28.42050,85.47600,5190,37.3,250,-0.965,-0.057
28.42050,85.48050,5551,22.5,254,-0.879,0.209
28.42050,85.48500,5701,12.2,51,0.376,-0.563
28.42050,85.48950,5413,22.9,44,0.172,-0.629
28.42050,85.49400,5239,15.2,1,-0.087,-0.122
28.42050,85.49850,5394,17.2,321,-0.527,0.205
28.42050,85.50300,5457,13.7,310,-0.586,0.325
28.42050,85.50750,5553,0.9,119,0.484,-0.589
28.42050,85.51200,5480,12.6,111,0.367,-0.759
28.42050,85.51650,5343,10.9,136,0.209,-0.635
28.42050,85.52100,5278,14.2,216,-0.633,0.074
28.42050,85.52550,5596,9.7,166,-0.078,-0.376
28.42050,85.53000,5257,15.3,106,0.350,-0.795
28.42050,85.53450,5203,10.7,102,0.439,-0.747
28.42050,85.53900,5103,11.3,118,0.345,-0.726
28.42050,85.54350,5037,11.3,166,-0.103,-0.394
28.42050,85.54800,5088,16.6,157,-0.082,-0.541
28.42050,85.55250,4950,18.3,144,0.027,-0.665
28.42050,85.55700,4869,9.9,143,0.156,-0.573
28.42050,85.56150,4879,9.6,293,-0.654,0.454
28.42050,85.56600,4992,25.8,301,-0.772,0.168
28.42050,85.57050,5289,26.3,321,-0.621,0.060
28.42050,85.57500,5177,27.2,358,-0.283,-0.249
28.42050,85.57950,5187,28.2,356,-0.314,-0.245
28.42050,85.58400,5281,22.3,351,-0.291,-0.117
28.42050,85.58850,5322,12.1,355,-0.108,-0.020
28.42050,85.59300,5355,8.2,300,-0.595,0.455
28.42050,85.59750,5421,12.8,273,-0.774,0.417
28.42050,85.60200,5565,19.0,261,-0.852,0.289
28.42050,85.60650,5805,11.1,226,-0.662,0.202
28.42050,85.61100,5707,10.9,129,0.264,-0.670
28.42050,85.61550,5603,10.4,112,0.395,-0.731
28.42050,85.62000,5525,5.6,116,0.435,-0.660
28.41600,85.44000,3561,15.2,65,0.389,-0.696
28.41600,85.44450,3336,17.0,78,0.380,-0.775
28.41600,85.44900,3313,16.7,264,-0.829,0.337
28.41600,85.45350,3625,37.3,255,-0.971,-0.036
28.41600,85.45800,3922,35.6,243,-0.941,-0.062
28.41600,85.46250,4182,32.3,241,-0.919,-0.019
28.41600,85.46700,4471,34.6,253,-0.957,0.001
28.41600,85.47150,4654,36.0,258,-0.967,-0.004
28.41600,85.47600,5041,36.1,252,-0.962,-0.030
28.41600,85.48050,5383,29.5,224,-0.823,-0.090
28.41600,85.48500,5421,23.5,194,-0.540,-0.272
28.41600,85.48950,5529,12.9,148,0.069,-0.575
28.41600,85.49400,5388,5.7,133,0.307,-0.586
28.41600,85.49850,5451,12.1,241,-0.748,0.303
28.41600,85.50300,5539,8.7,202,-0.442,0.006
28.41600,85.50750,5432,11.2,150,0.070,-0.538
28.41600,85.51200,5357,13.9,130,0.215,-0.702
28.41600,85.51650,5266,10.8,123,0.313,-0.699
28.41600,85.52100,5211,8.6,206,-0.479,0.051
28.41600,85.52550,5258,12.3,179,-0.252,-0.282
28.41600,85.53000,5256,12.9,140,0.143,-0.632
28.41600,85.53450,5271,8.6,116,0.396,-0.699
28.41600,85.53900,5073,11.3,86,0.468,-0.739
28.41600,85.54350,5027,12.2,103,0.409,-0.763
28.41600,85.54800,4900,13.8,133,0.191,-0.684
28.41600,85.55250,4849,6.6,154,0.093,-0.446
28.41600,85.55700,4851,10.4,309,-0.553,0.381
28.41600,85.56150,4914,25.0,311,-0.694,0.139
28.41600,85.56600,5231,29.8,306,-0.767,0.080
28.41600,85.57050,5367,30.1,309,-0.749,0.062
28.41600,85.57500,5733,23.0,349,-0.319,-0.109
28.41600,85.57950,5624,19.2,14,-0.014,-0.306
28.41600,85.58400,5626,14.5,11,0.023,-0.215
28.41600,85.58850,5420,15.1,17,0.073,-0.282
28.41600,85.59300,5388,13.1,353,-0.149,-0.007
28.41600,85.59750,5452,8.2,312,-0.500,0.397
28.41600,85.60200,5552,10.4,232,-0.691,0.265
28.41600,85.60650,5555,15.4,195,-0.457,-0.156
28.41600,85.61100,5609,11.3,185,-0.304,-0.206
28.41600,85.61550,5576,7.0,116,0.418,-0.678
28.41600,85.62000,5518,6.5,111,0.457,-0.685
28.41150,85.44000,3637,14.8,90,0.408,-0.785
28.41150,85.44450,3396,20.3,95,0.309,-0.846
28.41150,85.44900,3292,11.6,240,-0.737,0.301
28.41150,85.45350,3508,32.4,256,-0.948,0.050
28.41150,85.45800,3778,32.8,258,-0.952,0.050
28.41150,85.46250,4006,33.4,264,-0.954,0.057
28.41150,85.46700,4313,37.1,270,-0.965,0.004
28.41150,85.47150,4803,33.4,270,-0.948,0.068
28.41150,85.47600,4987,25.4,244,-0.882,0.113
28.41150,85.48050,5144,25.9,201,-0.630,-0.234
28.41150,85.48500,5094,29.7,203,-0.678,-0.271
28.41150,85.48950,5358,25.6,190,-0.523,-0.340
28.41150,85.49400,5190,22.9,170,-0.296,-0.496
28.41150,85.49850,5275,23.5,202,-0.611,-0.197
28.41150,85.50300,5333,19.7,198,-0.539,-0.180
28.41150,85.50750,5353,11.8,170,-0.154,-0.361
28.41150,85.51200,5322,13.5,130,0.217,-0.696
28.41150,85.51650,5227,12.0,144,0.114,-0.591
28.41150,85.52100,5251,8.8,186,-0.291,-0.153
28.41150,85.52550,5223,7.0,174,-0.133,-0.259
28.41150,85.53000,5163,11.5,140,0.161,-0.614
28.41150,85.53450,5069,11.9,159,-0.036,-0.467
28.41150,85.53900,5203,11.8,141,0.152,-0.614
28.41150,85.54350,5020,20.1,114,0.230,-0.827
28.41150,85.54800,4824,11.9,128,0.259,-0.689
28.41150,85.55250,4830,10.3,277,-0.736,0.460
28.41150,85.55700,4961,26.0,301,-0.772,0.164
28.41150,85.56150,5275,23.6,311,-0.680,0.163
28.41150,85.56600,5323,19.4,289,-0.781,0.305
28.41150,85.57050,5584,28.0,275,-0.905,0.166
28.41150,85.57500,5719,1.4,137,0.331,-0.504
28.41150,85.57950,5464,18.7,125,0.177,-0.775
28.41150,85.58400,5530,14.5,175,-0.242,-0.348
28.41150,85.58850,5560,9.1,184,-0.264,-0.187
28.41150,85.59300,5655,3.5,206,-0.417,0.125
28.41150,85.59750,5499,3.8,143,0.241,-0.495
28.41150,85.60200,5493,9.1,160,-0.009,-0.424
28.41150,85.60650,5423,11.8,190,-0.368,-0.155
28.41150,85.61100,5484,15.0,250,-0.803,0.307
28.41150,85.61550,5640,3.0,53,0.519,-0.458
28.41150,85.62000,5459,11.4,92,0.457,-0.750
28.40700,85.44000,3560,15.9,119,0.262,-0.770
28.40700,85.44450,3337,22.8,107,0.222,-0.865
28.40700,85.44900,3196,10.1,224,-0.637,0.201
28.40700,85.45350,3447,31.9,258,-0.947,0.065
28.40700,85.45800,3782,34.9,261,-0.963,0.022
28.40700,85.46250,4122,35.7,264,-0.965,0.017
28.40700,85.46700,4479,35.5,259,-0.965,0.006
28.40700,85.47150,4721,31.0,240,-0.909,-0.001
28.40700,85.47600,4882,25.5,201,-0.620,-0.235
28.40700,85.48050,4818,29.0,184,-0.502,-0.439
28.40700,85.48500,4909,32.3,203,-0.703,-0.301
28.40700,85.48950,5023,28.3,203,-0.666,-0.251
28.40700,85.49400,5035,18.4,189,-0.436,-0.254
28.40700,85.49850,5009,16.3,239,-0.785,0.227
28.40700,85.50300,5167,12.8,261,-0.790,0.391
28.40700,85.50750,5266,3.1,163,0.039,-0.315
28.40700,85.51200,5245,15.0,119,0.279,-0.763
28.40700,85.51650,5037,13.6,140,0.131,-0.638
28.40700,85.52100,5093,13.0,185,-0.327,-0.229
28.40700,85.52550,5114,14.6,177,-0.270,-0.323
28.40700,85.53000,5179,16.5,147,0.020,-0.619
28.40700,85.53450,4947,16.3,157,-0.075,-0.538
28.40700,85.53900,5017,21.0,157,-0.140,-0.589
28.40700,85.54350,4821,23.0,140,-0.006,-0.738
28.40700,85.54800,4772,8.6,177,-0.190,-0.246
28.40700,85.55250,4794,20.4,271,-0.854,0.291
28.40700,85.55700,5181,26.7,273,-0.902,0.186
28.40700,85.56150,5312,13.1,265,-0.791,0.397
28.40700,85.56600,5240,14.6,269,-0.801,0.383
28.40700,85.57050,5415,28.8,272,-0.917,0.150
28.40700,85.57500,5816,6.1,79,0.548,-0.652
28.40700,85.57950,5341,24.8,95,0.232,-0.886
28.40700,85.58400,5327,9.9,163,-0.056,-0.403
28.40700,85.58850,5272,16.2,182,-0.339,-0.297
28.40700,85.59300,5350,19.9,191,-0.474,-0.254
28.40700,85.59750,5457,17.1,175,-0.280,-0.374
28.40700,85.60200,5370,13.8,158,-0.049,-0.502
28.40700,85.60650,5312,10.3,230,-0.676,0.247
28.40700,85.61100,5461,23.7,273,-0.877,0.238
28.40700,85.61550,5746,9.0,341,-0.223,0.166
28.40700,85.62000,5454,18.6,38,0.198,-0.528
28.40250,85.44000,3484,12.7,114,0.346,-0.752
28.40250,85.44450,3297,22.2,100,0.263,-0.865
28.40250,85.44900,3142,7.5,219,-0.574,0.196
28.40250,85.45350,3398,30.8,254,-0.937,0.068
28.40250,85.45800,3628,35.6,251,-0.959,-0.023
28.40250,85.46250,3983,36.9,246,-0.956,-0.066
28.40250,85.46700,4223,34.4,237,-0.917,-0.077
28.40250,85.47150,4457,30.7,224,-0.833,-0.108
28.40250,85.47600,4588,27.3,181,-0.461,-0.439
28.40250,85.48050,4512,31.6,176,-0.457,-0.536
28.40250,85.48500,4551,34.0,207,-0.749,-0.287
28.40250,85.48950,4765,31.8,232,-0.882,-0.065
28.40250,85.49400,4942,20.4,267,-0.861,0.283
28.40250,85.49850,5060,21.6,296,-0.762,0.253
28.40250,85.50300,5420,17.1,305,-0.657,0.294
28.40250,85.50750,5257,10.8,17,0.137,-0.230
28.40250,85.51200,5219,19.5,65,0.320,-0.741
28.40250,85.51650,5012,12.1,65,0.435,-0.657
28.40250,85.52100,5046,4.4,8,0.132,-0.045
28.40250,85.52550,4929,8.2,104,0.466,-0.716
28.40250,85.53000,4922,17.4,134,0.129,-0.718
28.40250,85.53450,4854,21.3,149,-0.062,-0.660
28.40250,85.53900,4803,22.2,153,-0.112,-0.640
28.40250,85.54350,4630,12.9,168,-0.150,-0.392
28.40250,85.54800,4710,13.0,273,-0.777,0.414
28.40250,85.55250,4849,20.4,279,-0.832,0.298
28.40250,85.55700,5066,21.6,261,-0.875,0.249
28.40250,85.56150,5142,19.2,268,-0.848,0.306
28.40250,85.56600,5404,16.1,288,-0.757,0.362
28.40250,85.57050,5543,22.2,263,-0.879,0.245
28.40250,85.57500,5794,4.1,198,-0.349,0.036
28.40250,85.57950,5440,22.7,64,0.263,-0.762
28.40250,85.58400,5336,18.9,23,0.071,-0.388
28.40250,85.58850,5305,15.5,26,0.147,-0.375
28.40250,85.59300,5203,6.4,65,0.521,-0.585
28.40250,85.59750,5242,10.0,165,-0.078,-0.385
28.40250,85.60200,5240,8.8,195,-0.376,-0.067
28.40250,85.60650,5279,13.4,255,-0.794,0.357
28.40250,85.61100,5557,24.9,255,-0.899,0.174
28.40250,85.61550,5741,15.0,261,-0.813,0.355
28.40250,85.62000,5777,12.0,1,-0.047,-0.074
28.39800,85.44000,3446,10.9,116,0.364,-0.726
28.39800,85.44450,3315,22.8,102,0.246,-0.870
28.39800,85.44900,3077,6.9,187,-0.277,-0.119
28.39800,85.45350,3298,29.6,256,-0.932,0.097
28.39800,85.45800,3539,33.5,260,-0.956,0.043
28.39800,85.46250,3844,31.3,255,-0.941,0.063
28.39800,85.46700,4071,28.8,243,-0.904,0.051
28.39800,85.47150,4320,25.2,223,-0.785,-0.034
28.39800,85.47600,4387,24.7,166,-0.281,-0.550
28.39800,85.48050,4158,23.3,178,-0.385,-0.423
28.39800,85.48500,4285,28.1,235,-0.869,0.010
28.39800,85.48950,4546,37.4,255,-0.971,-0.038
28.39800,85.49400,5099,33.5,263,-0.956,0.051
28.39800,85.49850,5281,16.3,251,-0.818,0.296
28.39800,85.50300,5260,16.3,230,-0.744,0.163
28.39800,85.50750,5514,7.4,203,-0.434,0.035
28.39800,85.51200,5383,19.8,94,0.320,-0.840
28.39800,85.51650,5100,11.3,92,0.458,-0.750
28.39800,85.52100,5195,0.7,67,0.609,-0.526
28.39800,85.52550,5151,16.2,93,0.379,-0.805
28.39800,85.53000,4864,24.6,109,0.185,-0.877
28.39800,85.53450,4674,22.5,135,0.042,-0.760
28.39800,85.53900,4550,12.9,167,-0.133,-0.406
28.39800,85.54350,4585,13.7,274,-0.783,0.404
28.39800,85.54800,4819,24.3,295,-0.793,0.212
28.39800,85.55250,4988,23.5,309,-0.692,0.172
28.39800,85.55700,4989,20.6,314,-0.625,0.193
28.39800,85.56150,5266,19.1,286,-0.795,0.316
28.39800,85.56600,5478,11.4,233,-0.705,0.258
28.39800,85.57050,5333,18.4,224,-0.728,0.078
28.39800,85.57500,5548,16.6,228,-0.736,0.142
28.39800,85.57950,5691,8.8,115,0.398,-0.703
28.39800,85.58400,5634,8.8,93,0.494,-0.722
28.39800,85.58850,5563,9.2,90,0.494,-0.722
28.39800,85.59300,5454,16.6,92,0.376,-0.806
28.39800,85.59750,5149,9.5,112,0.407,-0.720
28.39800,85.60200,5202,10.0,245,-0.736,0.358
28.39800,85.60650,5359,11.9,244,-0.755,0.324
28.39800,85.61100,5288,20.0,236,-0.810,0.148
28.39800,85.61550,5582,26.9,241,-0.885,0.069
28.39800,85.62000,5790,14.7,239,-0.767,0.246
28.39350,85.44000,3395,12.7,128,0.245,-0.697
28.39350,85.44450,3234,23.2,109,0.210,-0.867
28.39350,85.44900,3021,5.6,187,-0.260,-0.100
28.39350,85.45350,3222,29.6,263,-0.933,0.119
28.39350,85.45800,3550,32.4,261,-0.950,0.066
28.39350,85.46250,3837,27.2,251,-0.910,0.115
28.39350,85.46700,3962,25.1,235,-0.847,0.058
28.39350,85.47150,4146,23.0,208,-0.654,-0.135
28.39350,85.47600,4096,21.7,164,-0.224,-0.534
28.39350,85.48050,4031,16.3,211,-0.615,-0.007
28.39350,85.48500,4291,29.0,255,-0.927,0.105
28.39350,85.48950,4540,36.4,255,-0.968,-0.020
28.39350,85.49400,4874,35.8,242,-0.940,-0.070
28.39350,85.49850,5094,24.7,207,-0.665,-0.166
28.39350,85.50300,5049,24.1,207,-0.660,-0.157
28.39350,85.50750,5225,22.2,208,-0.648,-0.123
28.39350,85.51200,5179,17.2,134,0.134,-0.716
28.39350,85.51650,5033,19.3,123,0.185,-0.790
28.39350,85.52100,5021,22.4,161,-0.201,-0.568
28.39350,85.52550,4976,31.1,147,-0.185,-0.761
28.39350,85.53000,4785,32.6,133,-0.093,-0.856
28.39350,85.53450,4484,13.6,144,0.095,-0.611
28.39350,85.53900,4509,12.6,294,-0.685,0.405
28.39350,85.54350,4703,24.5,299,-0.774,0.198
28.39350,85.54800,4922,29.4,298,-0.820,0.118
28.39350,85.55250,5115,26.9,308,-0.730,0.121
28.39350,85.55700,5415,12.9,339,-0.293,0.125
28.39350,85.56150,5219,3.5,209,-0.446,0.159
28.39350,85.56600,5272,12.2,192,-0.389,-0.144
28.39350,85.57050,5251,16.8,229,-0.740,0.140
28.39350,85.57500,5556,18.7,234,-0.785,0.149
28.39350,85.57950,5422,13.7,162,-0.091,-0.464
28.39350,85.58400,5350,16.8,145,0.034,-0.636
28.39350,85.58850,5265,17.4,149,-0.010,-0.616
28.39350,85.59300,5271,20.2,131,0.112,-0.763
28.39350,85.59750,5109,13.1,138,0.159,-0.649
28.39350,85.60200,5190,12.8,217,-0.618,0.095
28.39350,85.60650,5214,14.9,222,-0.679,0.114
28.39350,85.61100,5370,16.1,239,-0.782,0.226
28.39350,85.61550,5378,25.4,251,-0.897,0.147
28.39350,85.62000,5717,19.6,237,-0.806,0.157
28.38900,85.44000,3317,13.1,129,0.235,-0.697
28.38900,85.44450,3145,20.2,106,0.268,-0.843
28.38900,85.44900,3001,5.0,243,-0.668,0.418
28.38900,85.45350,3231,26.2,261,-0.911,0.170
28.38900,85.45800,3467,28.5,243,-0.901,0.053
28.38900,85.46250,3667,29.2,233,-0.870,-0.018
28.38900,85.46700,3820,24.7,230,-0.820,0.029
28.38900,85.47150,3928,17.6,199,-0.519,-0.149
28.38900,85.47600,3927,16.1,179,-0.302,-0.330
28.38900,85.48050,3944,19.9,236,-0.808,0.151
28.38900,85.48500,4174,29.4,251,-0.926,0.081
28.38900,85.48950,4427,32.7,248,-0.939,0.011
28.38900,85.49400,4711,30.2,235,-0.885,-0.019
28.38900,85.49850,4822,24.0,210,-0.686,-0.124
28.38900,85.50300,4931,22.8,219,-0.740,-0.026
28.38900,85.50750,5041,22.2,251,-0.873,0.200
28.38900,85.51200,5217,4.1,30,0.350,-0.272
28.38900,85.51650,5054,28.7,92,0.175,-0.912
28.38900,85.52100,4691,30.3,126,-0.009,-0.870
28.38900,85.52550,4654,36.3,146,-0.243,-0.809
28.38900,85.53000,4344,31.6,156,-0.268,-0.704
28.38900,85.53450,4467,20.1,218,-0.702,-0.002
28.38900,85.53900,4708,22.9,261,-0.885,0.227
28.38900,85.54350,4840,25.7,278,-0.881,0.208
28.38900,85.54800,5020,28.5,283,-0.886,0.159
28.38900,85.55250,5371,15.1,265,-0.811,0.367
28.38900,85.55700,5270,11.9,154,0.012,-0.508
28.38900,85.56150,5172,9.6,159,-0.000,-0.441
28.38900,85.56600,5173,5.7,248,-0.694,0.441
28.38900,85.57050,5196,16.5,280,-0.793,0.361
28.38900,85.57500,5333,19.1,295,-0.745,0.297
28.38900,85.57950,5458,14.9,4,-0.054,-0.148
28.38900,85.58400,5390,20.0,36,0.160,-0.524
28.38900,85.58850,5297,17.8,31,0.158,-0.457
28.38900,85.59300,5159,20.1,42,0.204,-0.583
28.38900,85.59750,5045,16.5,63,0.361,-0.697
28.38900,85.60200,5018,7.4,156,0.060,-0.439
28.38900,85.60650,5103,18.1,210,-0.621,-0.048
28.38900,85.61100,5199,23.2,230,-0.807,0.052
28.38900,85.61550,5423,25.7,243,-0.882,0.102
28.38900,85.62000,5584,18.8,227,-0.748,0.094
28.38450,85.44000,3242,10.3,107,0.419,-0.738
28.38450,85.44450,3112,17.3,99,0.343,-0.820
28.38450,85.44900,3002,6.8,248,-0.705,0.421
28.38450,85.45350,3223,21.0,259,-0.869,0.250
28.38450,85.45800,3255,19.9,248,-0.845,0.220
28.38450,85.46250,3441,24.7,241,-0.867,0.105
28.38450,85.46700,3717,24.8,227,-0.807,0.009
28.38450,85.47150,3854,18.9,195,-0.497,-0.205
28.38450,85.47600,3725,15.2,207,-0.564,-0.034
28.38450,85.48050,3914,22.9,252,-0.880,0.192
28.38450,85.48500,4100,26.6,259,-0.913,0.157
28.38450,85.48950,4323,28.0,254,-0.919,0.114
28.38450,85.49400,4540,24.8,247,-0.884,0.136
28.38450,85.49850,4662,17.1,246,-0.815,0.256
28.38450,85.50300,4716,21.2,266,-0.868,0.268
28.38450,85.50750,5032,31.2,277,-0.920,0.112
28.38450,85.51200,5381,6.2,358,0.002,0.035
28.38450,85.51650,5070,38.7,90,0.005,-0.966
28.38450,85.52100,4665,39.7,104,-0.045,-0.975
28.38450,85.52550,4270,32.4,123,-0.018,-0.899
28.38450,85.53000,4139,20.0,166,-0.215,-0.503
28.38450,85.53450,4248,27.4,233,-0.857,0.011
28.38450,85.53900,4473,31.4,247,-0.931,0.029
28.38450,85.54350,4755,32.0,260,-0.948,0.068
28.38450,85.54800,5114,24.9,256,-0.900,0.175
28.38450,85.55250,5151,12.3,205,-0.517,-0.009
28.38450,85.55700,5066,4.5,211,-0.475,0.164
28.38450,85.56150,5124,10.0,329,-0.364,0.255
28.38450,85.56600,5187,16.5,324,-0.493,0.195
28.38450,85.57050,5369,23.6,308,-0.701,0.176
28.38450,85.57500,5614,26.5,306,-0.739,0.135
28.38450,85.57950,5778,15.3,360,-0.107,-0.107
28.38450,85.58400,5639,20.1,64,0.306,-0.741
28.38450,85.58850,5507,9.7,54,0.430,-0.557
28.38450,85.59300,5592,14.7,35,0.238,-0.459
28.38450,85.59750,5299,26.6,46,0.121,-0.677
28.38450,85.60200,5022,23.7,57,0.222,-0.728
28.38450,85.60650,4891,5.8,137,0.272,-0.563
28.38450,85.61100,5049,23.4,225,-0.784,0.015
28.38450,85.61550,5243,30.0,229,-0.856,-0.058
28.38450,85.62000,5452,23.7,209,-0.670,-0.136
28.38000,85.44000,3265,10.7,99,0.449,-0.748
28.38000,85.44450,3085,18.1,100,0.330,-0.827
28.38000,85.44900,2974,7.2,221,-0.584,0.218
28.38000,85.45350,3164,21.4,258,-0.872,0.241
28.38000,85.45800,3326,20.0,272,-0.849,0.299
28.38000,85.46250,3472,17.1,277,-0.810,0.351
28.38000,85.46700,3469,13.8,259,-0.800,0.366
28.38000,85.47150,3582,8.7,239,-0.703,0.343
28.38000,85.47600,3652,12.3,258,-0.785,0.388
28.38000,85.48050,3874,23.6,264,-0.890,0.223
28.38000,85.48500,4076,25.1,260,-0.902,0.187
28.38000,85.48950,4304,24.9,257,-0.899,0.178
28.38000,85.49400,4459,25.3,258,-0.904,0.177
28.38000,85.49850,4728,21.7,268,-0.871,0.263
28.38000,85.50300,4879,24.3,276,-0.876,0.231
28.38000,85.50750,5134,31.5,271,-0.936,0.102
28.38000,85.51200,5384,5.9,139,0.245,-0.548
28.38000,85.51650,5057,43.3,99,-0.093,-0.988
28.38000,85.52100,4514,44.3,102,-0.116,-0.990
28.38000,85.52550,4218,31.7,111,0.058,-0.926
28.38000,85.53000,4028,9.8,180,-0.230,-0.239
28.38000,85.53450,4133,27.8,266,-0.919,0.157
28.38000,85.53900,4459,32.6,274,-0.935,0.088
28.38000,85.54350,4735,29.6,264,-0.932,0.123
28.38000,85.54800,5034,21.0,234,-0.808,0.116
28.38000,85.55250,5002,14.5,224,-0.691,0.140
28.38000,85.55700,5206,15.7,265,-0.818,0.355
28.38000,85.56150,5400,9.4,281,-0.713,0.474
28.38000,85.56600,5382,10.2,273,-0.747,0.458
28.38000,85.57050,5504,17.4,262,-0.836,0.319
28.38000,85.57500,5580,24.1,261,-0.895,0.208
28.38000,85.57950,5835,6.6,135,0.276,-0.585
28.38000,85.58400,5480,26.9,110,0.144,-0.895
28.38000,85.58850,5374,15.0,151,0.004,-0.573
28.38000,85.59300,5315,9.9,192,-0.368,-0.106
28.38000,85.59750,5506,7.6,38,0.359,-0.391
28.38000,85.60200,5331,31.2,56,0.093,-0.788
28.38000,85.60650,4973,26.1,66,0.211,-0.807
28.38000,85.61100,4853,7.8,214,-0.538,0.143
28.38000,85.61550,5037,25.3,223,-0.784,-0.036
28.38000,85.62000,5200,27.1,198,-0.613,-0.281
28.37550,85.44000,3224,11.0,107,0.411,-0.747
28.37550,85.44450,3054,18.1,95,0.343,-0.825
28.37550,85.44900,2914,3.1,203,-0.387,0.104
28.37550,85.45350,3078,22.4,255,-0.879,0.215
28.37550,85.45800,3306,26.1,261,-0.910,0.172
28.37550,85.46250,3526,20.9,280,-0.833,0.289
28.37550,85.46700,3635,17.4,312,-0.610,0.256
28.37550,85.47150,3739,16.4,329,-0.445,0.160
28.37550,85.47600,3727,13.1,320,-0.487,0.273
28.37550,85.48050,3851,16.7,271,-0.819,0.353
28.37550,85.48500,4031,23.8,256,-0.890,0.192
28.37550,85.48950,4206,24.7,255,-0.897,0.176
28.37550,85.49400,4413,26.7,257,-0.913,0.150
28.37550,85.49850,4652,23.8,250,-0.883,0.166
28.37550,85.50300,4800,24.5,234,-0.836,0.058
28.37550,85.50750,5051,32.8,231,-0.884,-0.087
28.37550,85.51200,5285,24.5,167,-0.289,-0.539
28.37550,85.51650,4930,45.9,114,-0.186,-0.981
28.37550,85.52100,4456,46.1,112,-0.180,-0.984
28.37550,85.52550,4043,31.4,121,0.007,-0.896
28.37550,85.53000,3919,13.4,215,-0.615,0.076
28.37550,85.53450,4230,31.8,258,-0.946,0.065
28.37550,85.53900,4574,32.6,255,-0.948,0.042
28.37550,85.54350,4763,25.6,247,-0.890,0.122
28.37550,85.54800,4772,17.7,240,-0.803,0.210
28.37550,85.55250,4929,17.0,240,-0.794,0.217
28.37550,85.55700,5115,20.1,224,-0.742,0.049
28.37550,85.56150,5147,20.8,207,-0.626,-0.112
28.37550,85.56600,5215,19.7,211,-0.652,-0.053
28.37550,85.57050,5329,21.3,218,-0.714,-0.018
28.37550,85.57500,5483,29.7,235,-0.879,-0.016
28.37550,85.57950,5815,15.5,168,-0.183,-0.425
28.37550,85.58400,5370,26.8,109,0.151,-0.896
28.37550,85.58850,5326,8.4,127,0.318,-0.653
28.37550,85.59300,5290,7.6,227,-0.629,0.267
28.37550,85.59750,5403,10.7,237,-0.717,0.300
28.37550,85.60200,5539,21.7,94,0.288,-0.858
28.37550,85.60650,5110,32.5,86,0.118,-0.927
28.37550,85.61100,4886,8.5,94,0.495,-0.719
28.37550,85.61550,4899,11.1,219,-0.614,0.142
28.37550,85.62000,4920,15.8,192,-0.432,-0.193
28.37100,85.44000,3199,9.6,94,0.479,-0.733
28.37100,85.44450,3061,16.7,90,0.378,-0.804
28.37100,85.44900,2964,3.2,113,0.489,-0.638
28.37100,85.45350,3010,18.1,250,-0.833,0.257
28.37100,85.45800,3231,30.3,255,-0.936,0.081
28.37100,85.46250,3514,29.8,265,-0.933,0.120
28.37100,85.46700,3754,17.6,279,-0.806,0.344
28.37100,85.47150,3803,12.0,300,-0.640,0.395
28.37100,85.47600,3928,11.7,327,-0.401,0.242
28.37100,85.48050,3813,11.7,321,-0.458,0.285
28.37100,85.48500,3952,21.0,283,-0.826,0.287
28.37100,85.48950,4176,26.5,280,-0.880,0.193
28.37100,85.49400,4372,27.1,284,-0.868,0.181
28.37100,85.49850,4588,14.7,278,-0.780,0.391
28.37100,85.50300,4637,16.4,183,-0.346,-0.294
28.37100,85.50750,4678,35.8,204,-0.739,-0.336
28.37100,85.51200,4933,36.9,176,-0.517,-0.586
28.37100,85.51650,4643,47.2,127,-0.272,-0.948
28.37100,85.52100,4134,44.4,121,-0.195,-0.961
28.37100,85.52550,3859,23.1,131,0.064,-0.788
28.37100,85.53000,3861,16.9,252,-0.825,0.287
28.37100,85.53450,4055,30.1,265,-0.935,0.116
28.37100,85.53900,4253,31.6,266,-0.943,0.092
28.37100,85.54350,4561,29.8,279,-0.906,0.137
28.37100,85.54800,4836,22.4,304,-0.720,0.215
28.37100,85.55250,4941,11.1,322,-0.446,0.291
28.37100,85.55700,4911,4.0,247,-0.669,0.456
28.37100,85.56150,4995,11.9,238,-0.733,0.282
28.37100,85.56600,5137,13.9,244,-0.777,0.296
28.37100,85.57050,5183,12.5,238,-0.741,0.279
28.37100,85.57500,5241,24.2,245,-0.876,0.136
28.37100,85.57950,5521,10.5,222,-0.628,0.177
28.37100,85.58400,5369,20.1,88,0.325,-0.835
28.37100,85.58850,5271,11.8,100,0.426,-0.760
28.37100,85.59300,5276,9.7,193,-0.370,-0.098
28.37100,85.59750,5329,15.4,203,-0.533,-0.074
28.37100,85.60200,5321,22.7,134,0.052,-0.773
28.37100,85.60650,5052,29.8,110,0.097,-0.916
28.37100,85.61100,4866,11.3,115,0.362,-0.733
28.37100,85.61550,4886,3.5,222,-0.541,0.277
28.37100,85.62000,4883,1.9,227,-0.556,0.347
28.36650,85.44000,3206,9.3,111,0.414,-0.720
28.36650,85.44450,3057,16.8,101,0.346,-0.814
28.36650,85.44900,2931,6.2,126,0.360,-0.631
28.36650,85.45350,2952,13.2,250,-0.783,0.336
28.36650,85.45800,3087,31.1,261,-0.942,0.088
28.36650,85.46250,3490,35.0,265,-0.961,0.031
28.36650,85.46700,3725,18.9,266,-0.848,0.306
28.36650,85.47150,3802,15.0,275,-0.794,0.384
28.36650,85.47600,3936,17.8,302,-0.689,0.297
28.36650,85.48050,4065,19.0,338,-0.376,0.040
28.36650,85.48500,4040,24.2,318,-0.629,0.113
28.36650,85.48950,4305,31.0,299,-0.822,0.086
28.36650,85.49400,4552,29.2,299,-0.808,0.117
28.36650,85.49850,4785,5.8,18,0.217,-0.173
28.36650,85.50300,4549,30.7,120,0.026,-0.897
28.36650,85.50750,4253,35.9,175,-0.492,-0.590
28.36650,85.51200,4518,43.6,177,-0.586,-0.642
28.36650,85.51650,4280,46.1,144,-0.358,-0.875
28.36650,85.52100,3919,35.5,133,-0.137,-0.874
28.36650,85.52550,3772,8.3,178,-0.195,-0.234
28.36650,85.53000,3874,26.3,284,-0.866,0.196
28.36650,85.53450,4212,35.2,295,-0.875,0.027
28.36650,85.53900,4472,38.1,300,-0.860,-0.039
28.36650,85.54350,4832,37.4,301,-0.850,-0.029
28.36650,85.54800,5103,28.0,314,-0.693,0.072
28.36650,85.55250,5110,23.6,351,-0.300,-0.142
28.36650,85.55700,5037,24.8,7,-0.158,-0.308
28.36650,85.56150,5011,18.0,351,-0.231,-0.060
28.36650,85.56600,5116,15.4,312,-0.586,0.288
28.36650,85.57050,5238,19.5,313,-0.624,0.218
28.36650,85.57500,5303,24.7,313,-0.674,0.134
28.36650,85.57950,5518,20.1,322,-0.549,0.151
28.36650,85.58400,5595,22.6,46,0.184,-0.636
28.36650,85.58850,5216,25.8,67,0.220,-0.809
28.36650,85.59300,5136,9.8,114,0.392,-0.720
28.36650,85.59750,5158,15.6,174,-0.246,-0.370
28.36650,85.60200,5174,23.6,141,-0.021,-0.738
28.36650,85.60650,4935,24.6,125,0.088,-0.830
28.36650,85.61100,4836,8.3,151,0.098,-0.492
28.36650,85.61550,4839,8.4,279,-0.706,0.490
28.36650,85.62000,4910,12.0,326,-0.416,0.245
28.36200,85.44000,3132,8.3,99,0.483,-0.719
28.36200,85.44450,3027,19.5,100,0.305,-0.841
28.36200,85.44900,2871,6.1,141,0.224,-0.538
28.36200,85.45350,2977,15.0,269,-0.806,0.376
28.36200,85.45800,3066,27.1,268,-0.913,0.172
28.36200,85.46250,3493,33.9,255,-0.955,0.020
28.36200,85.46700,3729,23.9,240,-0.855,0.108
28.36200,85.47150,3787,22.9,255,-0.883,0.205
28.36200,85.47600,4074,25.5,276,-0.884,0.210
28.36200,85.48050,4211,18.6,307,-0.658,0.262
28.36200,85.48500,4288,25.7,316,-0.661,0.101
28.36200,85.48950,4434,26.8,307,-0.736,0.126
28.36200,85.49400,4692,10.2,250,-0.752,0.384
28.36200,85.49850,4779,30.8,141,-0.131,-0.796
28.36200,85.50300,4320,44.3,128,-0.232,-0.938
28.36200,85.50750,3940,37.6,151,-0.303,-0.785
28.36200,85.51200,3854,38.3,171,-0.484,-0.643
28.36200,85.51650,3748,34.3,159,-0.329,-0.704
28.36200,85.52100,3678,16.7,160,-0.115,-0.513
28.36200,85.52550,3716,17.3,274,-0.818,0.347
28.36200,85.53000,4024,33.9,286,-0.906,0.063
28.36200,85.53450,4334,32.8,283,-0.912,0.085
28.36200,85.53900,4697,31.1,266,-0.940,0.101
28.36200,85.54350,4974,31.7,256,-0.944,0.060
28.36200,85.54800,5150,25.7,259,-0.907,0.173
28.36200,85.55250,5380,15.1,290,-0.733,0.374
28.36200,85.55700,5439,16.4,358,-0.142,-0.103
28.36200,85.56150,5322,23.1,4,-0.170,-0.252
28.36200,85.56600,5231,22.1,347,-0.328,-0.078
28.36200,85.57050,5401,18.1,313,-0.609,0.242
28.36200,85.57500,5670,10.0,266,-0.756,0.449
28.36200,85.57950,5690,14.2,210,-0.578,0.008
28.36200,85.58400,5752,15.9,139,0.108,-0.671
28.36200,85.58850,5496,28.5,100,0.157,-0.915
28.36200,85.59300,5193,23.3,108,0.209,-0.868
28.36200,85.59750,4994,20.3,146,-0.022,-0.669
28.36200,85.60200,4970,25.0,146,-0.090,-0.714
28.36200,85.60650,4743,19.5,146,-0.006,-0.664
28.36200,85.61100,4784,9.9,246,-0.738,0.366
28.36200,85.61550,4851,23.9,297,-0.778,0.213
28.36200,85.62000,5130,25.4,327,-0.564,0.037
28.35750,85.44000,3182,10.0,82,0.491,-0.712
28.35750,85.44450,3035,24.3,97,0.238,-0.882
28.35750,85.44900,2749,4.5,166,-0.008,-0.308
28.35750,85.45350,3003,21.8,271,-0.867,0.267
28.35750,85.45800,3146,21.4,275,-0.855,0.278
28.35750,85.46250,3238,28.8,270,-0.921,0.147
28.35750,85.46700,3462,26.3,276,-0.890,0.197
28.35750,85.47150,3686,27.6,283,-0.876,0.174
28.35750,85.47600,4004,30.6,284,-0.895,0.123
28.35750,85.48050,4247,23.3,295,-0.784,0.227
28.35750,85.48500,4415,20.6,294,-0.765,0.275
28.35750,85.48950,4747,7.5,248,-0.716,0.414
28.35750,85.49400,4514,27.3,138,-0.053,-0.788
28.35750,85.49850,4175,41.3,137,-0.245,-0.889
28.35750,85.50300,3951,41.5,133,-0.223,-0.907
28.35750,85.50750,3673,30.8,138,-0.105,-0.815
28.35750,85.51200,3599,19.2,164,-0.184,-0.512
28.35750,85.51650,3594,10.1,220,-0.609,0.163
28.35750,85.52100,3681,14.2,297,-0.681,0.370
28.35750,85.52550,3811,24.5,295,-0.797,0.209
28.35750,85.53000,4126,35.1,283,-0.925,0.044
28.35750,85.53450,4409,27.0,283,-0.872,0.185
28.35750,85.53900,4397,22.0,271,-0.868,0.264
28.35750,85.54350,4631,30.2,262,-0.937,0.107
28.35750,85.54800,4973,27.6,256,-0.919,0.131
28.35750,85.55250,5203,22.3,246,-0.861,0.168
28.35750,85.55700,5353,13.3,251,-0.788,0.342
28.35750,85.56150,5460,12.0,313,-0.541,0.336
28.35750,85.56600,5595,11.9,17,0.114,-0.236
28.35750,85.57050,5403,7.7,123,0.364,-0.664
28.35750,85.57500,5374,21.2,168,-0.252,-0.497
28.35750,85.57950,5162,27.8,178,-0.431,-0.481
28.35750,85.58400,5358,29.3,173,-0.405,-0.538
28.35750,85.58850,5193,31.3,138,-0.114,-0.817
28.35750,85.59300,5049,30.1,127,-0.007,-0.869
28.35750,85.59750,4813,24.6,136,0.008,-0.780
28.35750,85.60200,4731,18.8,147,-0.008,-0.647
28.35750,85.60650,4626,6.7,193,-0.330,-0.059
28.35750,85.61100,4736,22.0,281,-0.841,0.271
28.35750,85.61550,5066,29.6,285,-0.883,0.138
28.35750,85.62000,5360,16.2,290,-0.745,0.357
28.35300,85.44000,3183,16.8,117,0.265,-0.787
28.35300,85.44450,2969,25.1,108,0.182,-0.884
28.35300,85.44900,2730,5.2,256,-0.701,0.488
28.35300,85.45350,3015,24.3,275,-0.879,0.230
28.35300,85.45800,3154,21.1,277,-0.847,0.284
28.35300,85.46250,3409,32.3,282,-0.911,0.093
28.35300,85.46700,3798,35.3,293,-0.882,0.027
28.35300,85.47150,3948,30.6,305,-0.785,0.074
28.35300,85.47600,4164,26.3,293,-0.822,0.183
28.35300,85.48050,4426,15.2,255,-0.813,0.330
28.35300,85.48500,4501,20.8,195,-0.523,-0.225
28.35300,85.48950,4410,28.9,173,-0.396,-0.536
28.35300,85.49400,4331,34.9,136,-0.150,-0.855
28.35300,85.49850,3996,38.6,123,-0.115,-0.933
28.35300,85.50300,3704,32.1,128,-0.049,-0.874
28.35300,85.50750,3553,19.6,138,0.058,-0.714
28.35300,85.51200,3476,6.9,246,-0.702,0.410
28.35300,85.51650,3558,26.8,297,-0.801,0.162
28.35300,85.52100,3889,30.2,317,-0.689,0.021
28.35300,85.52550,3948,27.4,323,-0.616,0.030
28.35300,85.53000,4110,35.0,296,-0.865,0.027
28.35300,85.53450,4552,33.2,302,-0.819,0.039
28.35300,85.53900,4641,31.0,323,-0.652,-0.024
28.35300,85.54350,4890,31.7,312,-0.738,0.022
28.35300,85.54800,5071,23.5,302,-0.743,0.203
28.35300,85.55250,5131,23.7,294,-0.796,0.226
28.35300,85.55700,5340,23.7,303,-0.742,0.197
28.35300,85.56150,5466,21.6,312,-0.649,0.188
28.35300,85.56600,5616,16.7,24,0.114,-0.373
28.35300,85.57050,5290,27.7,74,0.199,-0.855
28.35300,85.57500,5219,17.0,105,0.324,-0.813
28.35300,85.57950,5195,14.9,148,0.033,-0.593
28.35300,85.58400,5092,20.4,161,-0.168,-0.554
28.35300,85.58850,5092,28.3,143,-0.113,-0.764
28.35300,85.59300,4850,29.8,136,-0.071,-0.820
28.35300,85.59750,4710,19.6,142,0.029,-0.694
28.35300,85.60200,4577,3.5,254,-0.676,0.500
28.35300,85.60650,4680,19.0,312,-0.621,0.229
28.35300,85.61100,4845,24.8,301,-0.759,0.183
28.35300,85.61550,5090,24.7,280,-0.866,0.224
28.35300,85.62000,5183,10.9,262,-0.769,0.424
28.34850,85.44000,3102,23.6,119,0.146,-0.845
28.34850,85.44450,2731,21.6,122,0.159,-0.818
28.34850,85.44900,2867,14.5,247,-0.791,0.302
28.34850,85.45350,2985,22.5,262,-0.882,0.234
28.34850,85.45800,3206,22.1,257,-0.878,0.224
28.34850,85.46250,3315,33.0,256,-0.951,0.038
28.34850,85.46700,3781,36.4,249,-0.960,-0.046
28.34850,85.47150,4086,28.5,230,-0.851,-0.028
28.34850,85.47600,4224,27.9,203,-0.660,-0.248
28.34850,85.48050,4174,34.7,179,-0.518,-0.543
28.34850,85.48500,4067,37.8,176,-0.523,-0.598
28.34850,85.48950,4057,36.0,175,-0.496,-0.588
28.34850,85.49400,4065,36.3,151,-0.290,-0.774
28.34850,85.49850,3757,37.8,132,-0.162,-0.893
28.34850,85.50300,3518,27.9,135,-0.036,-0.810
28.34850,85.50750,3412,9.4,187,-0.310,-0.151
28.34850,85.51200,3494,26.8,290,-0.842,0.181
28.34850,85.51650,3868,38.8,302,-0.857,-0.054
28.34850,85.52100,4167,36.6,317,-0.745,-0.080
28.34850,85.52550,4264,36.0,334,-0.596,-0.181
28.34850,85.53000,4381,40.3,322,-0.730,-0.168
28.34850,85.53450,4673,43.3,314,-0.808,-0.174
28.34850,85.53900,5000,40.7,327,-0.692,-0.205
28.34850,85.54350,5061,39.9,336,-0.614,-0.251
28.34850,85.54800,5167,39.3,340,-0.578,-0.267
28.34850,85.55250,5303,39.4,332,-0.643,-0.216
28.34850,85.55700,5662,36.3,331,-0.630,-0.158
28.34850,85.56150,5683,28.5,340,-0.474,-0.109
28.34850,85.56600,5898,21.4,33,0.113,-0.511
28.34850,85.57050,5663,37.0,77,0.040,-0.926
28.34850,85.57500,5137,29.5,94,0.157,-0.919
28.34850,85.57950,5053,22.7,132,0.063,-0.780
28.34850,85.58400,4914,28.0,148,-0.146,-0.732
28.34850,85.58850,4791,30.4,148,-0.183,-0.749
28.34850,85.59300,4574,21.3,149,-0.065,-0.658
28.34850,85.59750,4532,4.5,247,-0.676,0.452
28.34850,85.60200,4657,21.2,302,-0.721,0.241
28.34850,85.60650,4986,24.3,309,-0.703,0.161
28.34850,85.61100,5011,21.7,313,-0.648,0.184
28.34850,85.61550,5117,22.8,305,-0.715,0.203
28.34850,85.62000,5309,15.3,325,-0.472,0.208
28.34400,85.44000,3016,24.0,102,0.226,-0.880
28.34400,85.44450,2628,17.2,109,0.302,-0.810
28.34400,85.44900,2751,18.3,252,-0.839,0.266
28.34400,85.45350,2914,21.8,257,-0.875,0.229
28.34400,85.45800,3096,21.5,257,-0.873,0.235
28.34400,85.46250,3256,28.3,257,-0.924,0.121
28.34400,85.46700,3521,30.1,243,-0.911,0.026
28.34400,85.47150,3605,28.0,216,-0.764,-0.128
28.34400,85.47600,3742,26.4,189,-0.526,-0.355
28.34400,85.48050,3669,25.8,168,-0.313,-0.546
28.34400,85.48500,3677,22.1,183,-0.416,-0.364
28.34400,85.48950,3731,20.4,174,-0.310,-0.426
28.34400,85.49400,3635,24.7,142,-0.049,-0.739
28.34400,85.49850,3500,26.9,124,0.059,-0.853
28.34400,85.50300,3326,17.5,126,0.191,-0.760
28.34400,85.50750,3315,16.5,260,-0.829,0.328
28.34400,85.51200,3678,38.1,279,-0.951,-0.006
28.34400,85.51650,4072,37.7,284,-0.932,-0.002
28.34400,85.52100,4335,34.3,291,-0.888,0.049
28.34400,85.52550,4690,29.9,309,-0.752,0.068
28.34400,85.53000,4792,32.3,312,-0.747,0.014
28.34400,85.53450,5107,40.1,301,-0.868,-0.074
28.34400,85.53900,5436,36.0,310,-0.785,-0.040
28.34400,85.54350,5628,34.8,325,-0.667,-0.097
28.34400,85.54800,5852,34.9,335,-0.577,-0.171
28.34400,85.55250,5889,29.9,338,-0.500,-0.121
28.34400,85.55700,5936,24.6,326,-0.559,0.053
28.34400,85.56150,6062,14.0,0,-0.079,-0.097
28.34400,85.56600,5855,24.6,85,0.255,-0.867
28.34400,85.57050,5534,38.2,95,0.005,-0.968
28.34400,85.57500,5186,36.7,94,0.032,-0.961
28.34400,85.57950,4863,27.8,106,0.147,-0.906
28.34400,85.58400,4666,24.9,122,0.103,-0.845
28.34400,85.58850,4489,18.4,134,0.111,-0.726
28.34400,85.59300,4500,6.7,230,-0.633,0.301
28.34400,85.59750,4681,19.3,288,-0.786,0.310
28.34400,85.60200,4863,21.2,290,-0.794,0.274
28.34400,85.60650,4958,18.4,282,-0.805,0.331
28.34400,85.61100,5127,19.8,286,-0.798,0.304
28.34400,85.61550,5319,19.5,296,-0.746,0.289
28.34400,85.62000,5403,9.9,314,-0.505,0.360
